{
    "segmentationHypotheses": [
        {
            "id": 0,
            "features": [
                [
                    16.11809565095832
                ],
                [
                    1.0000000100247594e-08
                ]
            ],
            "appearanceFeatures": [
                [
                    0.0
                ],
                [
                    0.0
                ]
            ],
            "disappearanceFeatures": [
                [
                    0.0
                ],
                [
                    1.0
                ]
            ],
            "divisionFeatures": [
                [
                    0.24846135777017542
                ],
                [
                    1.5141277380483795
                ]
            ],
            "timestep": [
                0,
                0
            ]
        },
        {
            "id": 1,
            "features": [
                [
                    16.11809565095832
                ],
                [
                    1.0000000100247594e-08
                ]
            ],
            "appearanceFeatures": [
                [
                    0.0
                ],
                [
                    1.0
                ]
            ],
            "disappearanceFeatures": [
                [
                    0.0
                ],
                [
                    1.0
                ]
            ],
            "divisionFeatures": [
                [
                    1.1394343055401068
                ],
                [
                    0.385662470293518
                ]
            ],
            "timestep": [
                1,
                1
            ]
        },
        {
            "id": 2,
            "features": [
                [
                    16.11809565095832
                ],
                [
                    1.0000000100247594e-08
                ]
            ],
            "appearanceFeatures": [
                [
                    0.0
                ],
                [
                    1.0
                ]
            ],
            "disappearanceFeatures": [
                [
                    0.0
                ],
                [
                    1.0
                ]
            ],
            "divisionFeatures": [
                [
                    0.10536051731351088
                ],
                [
                    2.3025850780928847
                ]
            ],
            "timestep": [
                2,
                2
            ]
        },
        {
            "id": 3,
            "features": [
                [
                    16.11809565095832
                ],
                [
                    1.0000000100247594e-08
                ]
            ],
            "appearanceFeatures": [
                [
                    0.0
                ],
                [
                    1.0
                ]
            ],
            "disappearanceFeatures": [
                [
                    0.0
                ],
                [
                    1.0
                ]
            ],
            "timestep": [
                2,
                2
            ]
        },
        {
            "id": 4,
            "features": [
                [
                    16.11809565095832
                ],
                [
                    1.0000000100247594e-08
                ]
            ],
            "appearanceFeatures": [
                [
                    0.0
                ],
                [
                    1.0
                ]
            ],
            "disappearanceFeatures": [
                [
                    0.0
                ],
                [
                    0.0
                ]
            ],
            "timestep": [
                3,
                3
            ]
        },
        {
            "id": 5,
            "features": [
                [
                    16.11809565095832
                ],
                [
                    1.0000000100247594e-08
                ]
            ],
            "appearanceFeatures": [
                [
                    0.0
                ],
                [
                    1.0
                ]
            ],
            "disappearanceFeatures": [
                [
                    0.0
                ],
                [
                    0.0
                ]
            ],
            "timestep": [
                3,
                3
            ]
        }
    ],
    "linkingHypotheses": [
        {
            "src": 0,
            "dest": 1,
            "features": [
                [
                    23.025850929940457
                ],
                [
                    -0.0
                ]
            ]
        },
        {
            "src": 1,
            "dest": 2,
            "features": [
                [
                    9.742121572413734e-05
                ],
                [
                    9.236515260671547
                ]
            ]
        },
        {
            "src": 1,
            "dest": 3,
            "features": [
                [
                    0.003891390552992644
                ],
                [
                    5.550933780914387
                ]
            ]
        },
        {
            "src": 2,
            "dest": 4,
            "features": [
                [
                    0.018189772107237254
                ],
                [
                    4.0159769149276405
                ]
            ]
        },
        {
            "src": 2,
            "dest": 5,
            "features": [
                [
                    8.021239149531884e-09
                ],
                [
                    18.641172923646884
                ]
            ]
        },
        {
            "src": 3,
            "dest": 4,
            "features": [
                [
                    2.562929963963376e-06
                ],
                [
                    12.874360718239277
                ]
            ]
        },
        {
            "src": 3,
            "dest": 5,
            "features": [
                [
                    0.019530277597421417
                ],
                [
                    3.945538566156832
                ]
            ]
        }
    ],
    "divisionHypotheses": [],
    "traxelToUniqueId": {
        "0": {
            "1": 0
        },
        "1": {
            "1": 1
        },
        "2": {
            "1": 2,
            "2": 3
        },
        "3": {
            "1": 4,
            "2": 5
        }
    },
    "settings": {
        "statesShareWeights": true,
        "allowPartialMergerAppearance": false,
        "requireSeparateChildrenOfDivision": true,
        "optimizerEpGap": 0.01,
        "optimizerVerbose": true,
        "optimizerNumThreads": 1
    },
    "exclusions": []
}